yapib,text,source
24.1155,BSI 90-60,invoice
24.1156,BSI 141-50-63.5,invoice
24.1157,"BSI D63,5",invoice
24.1161,"BSI 110-50-63,5",invoice
24.1115,63L80-2,packing_list
24.1128,53*210*140 90度,carton
24.1129,38*150*140 90度,carton
24.1130,38*95*55 30度,carton
24.1131,54*80,carton
24.1226,38*120*55 30度,carton
24.1227,38*170*150 90度,carton
26.1477,"QE45x45E50-K, ID 50",factory
26.1478,QE120E38-KID38L=100x115,factory
26.1479,QE120E38-KID38L=115x75,factory
26.1480,QE135E60-KID60L=100x100,factory
26.1481,QE90E50-K ID 50 L=150x125,factory
26.1482,QE90E60-C ID 60 L=100x100,factory
26.1483,QE90E63-K ID 63 L=150x140,factory
26.1484,QE90E70-C ID 70 L=125x125,factory
26.1485,QE90E70-E76 ID 70-76 L=100x125,factory
26.1486,QE90E80-C ID 80 L=100x100,factory
26.1487,QE90E80-C ID 80 L=200x200,factory
26.1488,QE90E80-E100 ID 80-100 L=100x115,factory
26.1489,"QS32L60-C ID 32, L=60",factory
26.1490,"QS50L100-C ID 50, L=100",factory
26.1491,"QS50L140-C ID 50, L=140",factory
26.1492,"QS50L160-C ID 50, L=160",factory
26.1493,"QS50L60-C ID 50, L=60",factory
26.1494,"QS50L80-C ID 50, L=80",factory
26.1495,"QS54L60-C ID 54, L=60",factory
26.1496,"QS60L100-C, ID 60 L=100",factory
26.1497,"QS63L80-C ID 63, L=80",factory
26.1498,QЕ135Е50-CID50L=100х100,factory
26.1499,QЕ135Е53-CID53L=150х150,factory
26.1500,"QЕ135Е53-CID53,L=70х90",factory
26.1501,"QЕ135Е60-CID60,L=70х90",factory
26.1502,"QЕ90E50-C ID 50, L=100х100",factory
26.1503,"QЕ90Е50-C ID 50, L=100х180",factory
26.1504,"QЕ90Е53-C ID 53, L=100х100",factory
26.1488,QE90E80-E100(115x100)-RED,customer
26.1485,QE90E70-E76(100x125)-RED,customer
26.1498,QE45E50(100x100)-C,customer
26.1490,QS50L100-C,customer
26.1502,QE90E50(100x100)-C,customer
26.1477,ГТМ QE45x45E50-K,customer
25.1333,BSI 60*1000,packing_list
24.1236,BSI 89*1000,packing_list
25.1335,BSI 102*1000,packing_list
