batch,yapib,qty_per_carton,gross_kg,net_kg,cartons,source
TS2407202,24.1128,30,14.5,13,1,упаковочный лист завода TS2407202
TS2407202,24.1128,70,31.4,29.4,21,упаковочный лист завода TS2407202
TS2407202,24.1129,40,11.5,10.8,1,упаковочный лист завода TS2407202
TS2407202,24.1129,80,22.5,21,37,упаковочный лист завода TS2407202
TS2407202,24.1130,200,22.5,21,15,упаковочный лист завода TS2407202
TS2407202,24.1131,100,11,10.3,1,упаковочный лист завода TS2407202
TS2407202,24.1131,200,22,20.5,7,упаковочный лист завода TS2407202
TS2407202,24.1226,150,21,19.5,10,упаковочный лист завода TS2407202 (вес — по большинству коробок)
TS2407202,24.1226,170,23.4,21.9,3,упаковочный лист завода TS2407202
TS2407202,24.1227,50,15.2,13.7,1,упаковочный лист завода TS2407202
TS2407202,24.1227,70,20.5,19,28,упаковочный лист завода TS2407202 (вес — по большинству коробок)
02/25,24.1119,85,16.0,,,бирки ноября 2025
02/25,24.1118,85,16.0,,,"бирки ноября 2025 (50 шт. = 9,41 кг)"
02/25,24.1113,180,21.4,,,бирки ноября 2025
02/25,24.1112,150,17.60,,,бирки ноября 2025
