yapib,code,customer,status,kind,angle,d1,d2,l1,l2,color,drawing_pdf,drawing_signed,drawing_china,drawing_customer,notes
24.1112,BSI D50L100-3,МТЗ,serial,,,,,,,,Чертежи_Патрубки МТЗ/ЯПИБ 24.1112 Патрубок силиконовый BSI D50L100-3.pdf,,,,
24.1113,BSI D60L80-2,МТЗ,serial,,,,,,,,Чертежи_Патрубки МТЗ/ЯПИБ 24.1113 Патрубок силиконовый BSI D60L80-2.pdf,,,,
24.1114,BSI D60L80-3,МТЗ,serial,,,,,,,,Чертежи_Патрубки МТЗ/ЯПИБ 24.1114 Патрубок силиконовый BSI D60L80-3.pdf,,,,
24.1115,BSI D63L80-2,МТЗ,serial,,,,,,,,Чертежи_Патрубки МТЗ/ЯПИБ 24.1115 Патрубок силиконовый BSI D63L80-2.pdf,,,,
24.1116,BSI D63L80-3,МТЗ,serial,,,,,,,,Чертежи_Патрубки МТЗ/ЯПИБ 24.1116 Патрубок силиконовый BSI D63L80-3.pdf,,,,
24.1117,BSI D70L100-2,МТЗ,serial,,,,,,,,Чертежи_Патрубки МТЗ/ЯПИБ 24.1117 Патрубок силиконовый BSI D70L100-2.pdf,,,,
24.1118,BSI D75L100-3,МТЗ,serial,,,,,,,,Чертежи_Патрубки МТЗ/ЯПИБ 24.1118 Патрубок силиконовый BSI D75L100-3.pdf,,,,
24.1119,BSI D75L100-2,МТЗ,serial,,,,,,,,Чертежи_Патрубки МТЗ/ЯПИБ 24.1119 Патрубок силиконовый BSI D75L100-2.pdf,,,,
24.1120,BSI D80L100-3,МТЗ,serial,,,,,,,,Чертежи_Патрубки МТЗ/ЯПИБ 24.1120 Патрубок силиконовый BSI D80L100-3.pdf,,,,
24.1121,BSI D90L120-3,МТЗ,serial,,,,,,,,Чертежи_Патрубки МТЗ/ЯПИБ 24.1121 Патрубок силиконовый BSI D90L120-3.pdf,,,,
24.1122,BSI D90L120-2,МТЗ,serial,,,,,,,,Чертежи_Патрубки МТЗ/ЯПИБ 24.1122 Патрубок силиконовый BSI D90L120-2.pdf,,,,
24.1123,BSI D90L180-COR-3,МТЗ,serial,,,,,,,,Чертежи_Патрубки МТЗ/ЯПИБ 24.1123 Патрубок силиконовый BSI D90L180-COR-3.pdf,,,,
24.1124,BSI D90L180-COR-2,МТЗ,serial,,,,,,,,Чертежи_Патрубки МТЗ/ЯПИБ 24.1124 Патрубок силиконовый BSI D90L180-COR-2.pdf,,,,
24.1125,BSI 90-D70L110/130-2,МТЗ,serial,,,,,,,,Чертежи_Патрубки МТЗ/ЯПИБ 24.1125 Патрубок силиконовый BSI 90-D70L110_130-2.pdf,,,,
24.1126,BSI 90-D90L120/120-3,МТЗ,serial,,,,,,,,Чертежи_Патрубки МТЗ/ЯПИБ 24.1126 Патрубок силиконовый BSI 90-D90L120_120-3.pdf,,,,
24.1127,BSI D102L80-2,МТЗ,serial,,,,,,,,Чертежи_Патрубки МТЗ/ЯПИБ 24.1127 Патрубок силиконовый BSI D102L80-2.pdf,,,,
24.1128,BSI 90-D53L210/140-1,МТЗ,serial,,,,,,,,Чертежи_Патрубки МТЗ/ЯПИБ 24.1128 Патрубок силиконовый BSI 90-D53L210_140-1.pdf,,,,
24.1129,BSI 90-D38L150/140-1,МТЗ,serial,,,,,,,,Чертежи_Патрубки МТЗ/ЯПИБ 24.1129 Патрубок силиконовый BSI 90-D38L150_140-1.pdf,,,,
24.1130,BSI 30-D38L95/55-1,МТЗ,serial,,,,,,,,Чертежи_Патрубки МТЗ/ЯПИБ 24.1130 Патрубок силиконовый BSI 30-D38L95_55-1.pdf,,,,
24.1131,BSI D54L80-1,МТЗ,serial,,,,,,,,Чертежи_Патрубки МТЗ/ЯПИБ 24.1131 Патрубок силиконовый BSI D54L80-1.pdf,,,,
24.1217,BSI D80/90L140-3,МТЗ,serial,,,,,,,,Чертежи_Патрубки МТЗ/ЯПИБ 24.1217 Патрубок силиконовый BSI D80_90L140-3.pdf,,,,
24.1226,BSI 30-D38L120/55-1,МТЗ,serial,,,,,,,,Чертежи_Патрубки МТЗ/ЯПИБ 24.1226 Патрубок силиконовый BSI 30-D38L120_55-1.pdf,,,,
24.1227,BSI 90-D38L170/150-1,МТЗ,serial,,,,,,,,Чертежи_Патрубки МТЗ/ЯПИБ 24.1227 Патрубок силиконовый BSI 90-D38L170_150-1.pdf,,,,
24.1155,BSI 90/60,ММЗ,sample,reducer,,90,60,148,,red,чертежи_ММЗ/ЯПИБ 24.1155 Патрубок силиконовый BSI 90-60.pdf,,,,
24.1156,"BSI 141-50/63,5",ММЗ,sample,angle_reducer,141,50,63.5,,,red,чертежи_ММЗ/ЯПИБ 24.1156 Патрубок силиконовый BSI 141-50-63.5.pdf,,,,
24.1157,"BSI 63,5",ММЗ,sample,straight,,63.5,,126,,red,"чертежи_ММЗ/ЯПИБ 24.1157 Патрубок силиконовый BSI D63,5.pdf",,,,
24.1158,"BSI 90-63,5",ММЗ,sample,angle,90,63.5,,95,70,red,"чертежи_ММЗ/ЯПИБ 24.1158 Патрубок силиконовый BSI 90-63,5.pdf",,,,
24.1159,"BSI 90-63,5-01",ММЗ,sample,angle,90,63.5,,182,96,red,"чертежи_ММЗ/ЯПИБ 24.1159 Патрубок силиконовый BSI 90-63,5-01.pdf",,,,
24.1160,"BSI 90-63,5-02",ММЗ,sample,angle,90,63.5,,93,93,red,"чертежи_ММЗ/ЯПИБ 24.1160 Патрубок силиконовый BSI 90-63,5-02.pdf",,,,
24.1161,"BSI 110-50/63,5",ММЗ,sample,angle_reducer,110,50,63.5,,,red,"чертежи_ММЗ/ЯПИБ 24.1161 Патрубок силиконовый BSI 110-50-63,5.pdf",,,,
24.1162,BSI 90-38,ММЗ,sample,angle,90,38,,132,58,blue,чертежи_ММЗ/ЯПИБ 24.1162 Патрубок силиконовый BSI 90-38.pdf,,,,
24.1163,BSI 90-38-01,ММЗ,sample,angle,90,38,,70,70,blue,чертежи_ММЗ/ЯПИБ 24.1163 Патрубок силиконовый BSI 90-38-01.pdf,,,,
24.1164,BSI 90-38-02,ММЗ,sample,angle,90,38,,113,80,blue,чертежи_ММЗ/ЯПИБ 24.1164 Патрубок силиконовый BSI 90-38-02.pdf,,,,
24.1165,BSI 90-38-03,ММЗ,sample,angle,90,38,,107,61,blue,чертежи_ММЗ/ЯПИБ 24.1165 Патрубок силиконовый BSI 90-38-03.pdf,,,,
24.1166,BSI 90-38-04,ММЗ,sample,angle,90,38,,113,86,blue,чертежи_ММЗ/ЯПИБ 24.1166 Патрубок силиконовый BSI 90-38-04.pdf,,,,
24.1189,BSI 80-38,ММЗ,sample,angle,80,38,,58,75,blue,чертежи_ММЗ/ЯПИБ 24.1189 Патрубок силиконовый BSI 80-38.pdf,,,,
24.1183,BSI 45-D100L205/85-3,Гомсельмаш,sample,,,,,,,,чертежи_Гомсельмаш/BSI 45-D100L205_85-3.pdf,,,,
25.1382,BSI 45-D55L188/78-2,Гомсельмаш,sample,,,,,,,,чертежи_Гомсельмаш/BSI 45-D55L188_78-2.pdf,,,,
25.1383,BSI 45-D70L171/71-3,Гомсельмаш,sample,,,,,,,,чертежи_Гомсельмаш/BSI 45-D70L171_71-2.pdf,,,,"Имя файла чертежа «-2», на чертеже «-3»; за основу взят чертёж (решение 07.10.2026)."
24.1182,BSI 45-D75L196/81-3,Гомсельмаш,sample,,,,,,,,чертежи_Гомсельмаш/BSI 45-D75L196_81-3.pdf,,,,
24.1175,BSI 90-D38L100/50-2,Гомсельмаш,sample,,,,,,,,чертежи_Гомсельмаш/BSI 90-D38L100_50-2.pdf,,,,
24.1176,BSI 90-D55L100/100-2,Гомсельмаш,sample,,,,,,,,чертежи_Гомсельмаш/BSI 90-D55L100_100-2.pdf,,,,
24.1177,BSI 90-D60L100/100-2,Гомсельмаш,sample,,,,,,,,чертежи_Гомсельмаш/BSI 90-D60L100_100-2.pdf,,,,
24.1178,BSI 90-D60L150/150-2,Гомсельмаш,sample,,,,,,,,чертежи_Гомсельмаш/BSI 90-D60L150_150-2.pdf,,,,
24.1179,BSI 90-D75L150/150-3,Гомсельмаш,sample,,,,,,,,чертежи_Гомсельмаш/BSI 90-D75L150_150-3.pdf,,,,
24.1181,BSI 90-D75/50L100/100-3,Гомсельмаш,sample,,,,,,,,чертежи_Гомсельмаш/BSI 90-D75_50L100_100-3.pdf,,,,
24.1180,BSI 90-D85L100/100-3,Гомсельмаш,sample,,,,,,,,чертежи_Гомсельмаш/BSI 90-D85L100_100-3.pdf,,,,
24.1186,BSI D100L160-COR-3,Гомсельмаш,sample,,,,,,,,чертежи_Гомсельмаш/Патрубки Гомсельмаш для согласования/20.pdf,чертежи_Гомсельмаш/BSI D100L160-COR-3.pdf,,,
24.1187,BSI D100L210-COR-3,Гомсельмаш,sample,,,,,,,,чертежи_Гомсельмаш/Патрубки Гомсельмаш для согласования/21.pdf,чертежи_Гомсельмаш/BSI D100L210-COR-3.pdf,,,
24.1188,BSI D114L200-COR-3,Гомсельмаш,sample,,,,,,,,чертежи_Гомсельмаш/Патрубки Гомсельмаш для согласования/22.pdf,чертежи_Гомсельмаш/BSI D114L200-COR-3.pdf,,,
24.1168,BSI D32L190-3,Гомсельмаш,sample,,,,,,,,чертежи_Гомсельмаш/BSI D32L190-3.pdf,,,,
24.1169,BSI D32L200-3,Гомсельмаш,sample,,,,,,,,чертежи_Гомсельмаш/BSI D32L200-3.pdf,,,,
24.1167,BSI D32L70-3,Гомсельмаш,sample,,,,,,,,чертежи_Гомсельмаш/BSI D32L70-3.pdf,,,,
24.1172,BSI D60L120-2,Гомсельмаш,sample,,,,,,,,чертежи_Гомсельмаш/BSI D60L120-2.pdf,,,,
24.1173,BSI D65L150-2,Гомсельмаш,sample,,,,,,,,чертежи_Гомсельмаш/BSI D65L150-2.pdf,,,,
24.1184,BSI D76L160-COR-3,Гомсельмаш,sample,,,,,,,,чертежи_Гомсельмаш/Патрубки Гомсельмаш для согласования/18.pdf,чертежи_Гомсельмаш/BSI D76L160-COR-3.pdf,,,
24.1174,BSI D80L150-2,Гомсельмаш,sample,,,,,,,,чертежи_Гомсельмаш/BSI D80L150-2.pdf,,,,
24.1185,BSI D89L160-COR-3,Гомсельмаш,sample,,,,,,,,чертежи_Гомсельмаш/Патрубки Гомсельмаш для согласования/19.pdf,чертежи_Гомсельмаш/BSI D89L160-COR-3.pdf,,,
24.1170,BSI D90L130-3,Гомсельмаш,sample,,,,,,,,чертежи_Гомсельмаш/BSI D90L130-3.pdf,,,,
24.1171,BSI D42L120-2,Гомсельмаш,sample,,,,,,,,чертежи_Гомсельмаш/D42L120-2.pdf,,,,
,BSI 90-D53L200/150-1,МТЗ,drawing_pending,,,,,,,,,,,,"Есть в «Учет патрубков МТЗ.xlsx», чертежа пока нет."
,BSI D203L320-COR-1,МТЗ,drawing_pending,,,,,,,,,,,,"Есть в «Учет патрубков МТЗ.xlsx», чертежа пока нет."
26.1477,BSI 45/45D50L260-3,Амкадор,sample,angle,,50,,260,,red,,Чертежи_Амкадор/Сканы оригиналов/ЯПИБ 26.1477 Патрубок силиконовый BSI 45_45D50L260-3.pdf,"Чертежи_Амкадор/QE45x45E50-K, ID 50.pdf",Чертежи_Амкадор/изображение_viber_2026-02-05_13-07-34-225.jpg,"S-образный рукав, два изгиба по 45°."
26.1478,BSI 120-D38L100/115-3,Амкадор,sample,,,,,,,,,Чертежи_Амкадор/Сканы оригиналов/ЯПИБ 26.1478 Патрубок силиконовый BSI 120-D38L100_115-3.pdf,Чертежи_Амкадор/QE120E38-KID38L=100x115.pdf,,
26.1479,BSI 120-D38L75/115-3,Амкадор,sample,,,,,,,,,Чертежи_Амкадор/Сканы оригиналов/ЯПИБ 26.1479 Патрубок силиконовый BSI 120-D38L75_115-3.pdf,Чертежи_Амкадор/QE120E38-KID38L=115x75.pdf,,
26.1480,BSI 135-D60L100/100-3,Амкадор,sample,,,,,,,,,Чертежи_Амкадор/Сканы оригиналов/ЯПИБ 26.1480 Патрубок силиконовый BSI 135-D60L100_100-3.pdf,Чертежи_Амкадор/QE135E60-KID60L=100x100.pdf,,
26.1481,BSI 90-D50L150/125-3,Амкадор,sample,,,,,,,,,Чертежи_Амкадор/Сканы оригиналов/ЯПИБ 26.1481 Патрубок силиконовый BSI 90-D50L150_125-3.pdf,Чертежи_Амкадор/QE90E50-K ID 50 L=150x125.pdf,,
26.1482,BSI 90-D60L100/100-2,Амкадор,sample,,,,,,,,,Чертежи_Амкадор/Сканы оригиналов/ЯПИБ 26.1482 Патрубок силиконовый BSI 90-D60L100_100-2.pdf,Чертежи_Амкадор/QE90E60-C ID 60 L=100x100.pdf,,
26.1483,BSI 90-D63L150/140-3,Амкадор,sample,,,,,,,,,Чертежи_Амкадор/Сканы оригиналов/ЯПИБ 26.1483 Патрубок силиконовый BSI 90-D63L150_140-3.pdf,Чертежи_Амкадор/QE90E63-K ID 63 L=150x140.pdf,,
26.1484,BSI 90-D70L125/125-2,Амкадор,sample,,,,,,,,,Чертежи_Амкадор/Сканы оригиналов/ЯПИБ 26.1484 Патрубок силиконовый BSI 90-D70L125_125-2.pdf,Чертежи_Амкадор/QE90E70-C ID 70 L=125x125.pdf,Чертежи_Амкадор/Патрубки силиконовые.pdf#page=6,"Расхождение: на чертеже Амкадора QE90E70 (125x125)-K — красный, до +220 °C; на чертеже BSI — синий, до +120 °C. Уточнить."
26.1485,BSI 90-D70/76L100/125-3,Амкадор,sample,,,,,,,,,Чертежи_Амкадор/Сканы оригиналов/ЯПИБ 26.1485 Патрубок силиконовый BSI 90-D70_76L100_125-3.pdf,Чертежи_Амкадор/QE90E70-E76 ID 70-76 L=100x125.pdf,Чертежи_Амкадор/Патрубки силиконовые.pdf#page=2,
26.1486,BSI 90-D80L110/110-2,Амкадор,sample,,,,,,,,,Чертежи_Амкадор/Сканы оригиналов/ЯПИБ 26.1486 Патрубок силиконовый BSI 90-D80L110_110-2.pdf,Чертежи_Амкадор/QE90E80-C ID 80 L=100x100.pdf,Чертежи_Амкадор/Патрубки силиконовые.pdf#page=7,"Расхождение: BSI — 110×110, синий; чертёж завода QE90E80-C — 100×100; чертёж Амкадора QE90E80 (100x100)-K — 100×100, красный. За основу — чертёж BSI. Уточнить."
26.1487,BSI 90-D80L200/200-2,Амкадор,sample,,,,,,,,,Чертежи_Амкадор/Сканы оригиналов/ЯПИБ 26.1487 Патрубок силиконовый BSI 90-D80L200_200-2.pdf,Чертежи_Амкадор/QE90E80-C ID 80 L=200x200.pdf,,
26.1488,BSI 90-D80/100L100/115-3,Амкадор,sample,,,,,,,,,Чертежи_Амкадор/Сканы оригиналов/ЯПИБ 26.1488 Патрубок силиконовый BSI 90-D80_100L100_115-3.pdf,Чертежи_Амкадор/QE90E80-E100 ID 80-100 L=100x115.pdf,Чертежи_Амкадор/Патрубки силиконовые.pdf#page=1,
26.1489,BSI D32L60-2,Амкадор,sample,,,,,,,,,Чертежи_Амкадор/Сканы оригиналов/ЯПИБ 26.1489 Патрубок силиконовый BSI D32L60-2.pdf,"Чертежи_Амкадор/QS32L60-C ID 32, L=60.pdf",,
26.1490,BSI D50L100-2,Амкадор,sample,,,,,,,,,Чертежи_Амкадор/Сканы оригиналов/ЯПИБ 26.1490 Патрубок силиконовый BSI D50L100-2.pdf,"Чертежи_Амкадор/QS50L100-C ID 50, L=100.pdf",Чертежи_Амкадор/Патрубки силиконовые.pdf#page=4,
26.1491,BSI D50L140-2,Амкадор,sample,,,,,,,,,Чертежи_Амкадор/Сканы оригиналов/ЯПИБ 26.1491 Патрубок силиконовый BSI D50L140-2.pdf,"Чертежи_Амкадор/QS50L140-C ID 50, L=140.pdf",,
26.1492,BSI D50L160-2,Амкадор,sample,,,,,,,,,Чертежи_Амкадор/Сканы оригиналов/ЯПИБ 26.1492 Патрубок силиконовый BSI D50L160-2.pdf,"Чертежи_Амкадор/QS50L160-C ID 50, L=160.pdf",,
26.1493,BSI D50L60-2,Амкадор,sample,,,,,,,,,Чертежи_Амкадор/Сканы оригиналов/ЯПИБ 26.1493 Патрубок силиконовый BSI D50L60-2.pdf,"Чертежи_Амкадор/QS50L60-C ID 50, L=60.pdf",,
26.1494,BSI D50L80-2,Амкадор,sample,,,,,,,,,Чертежи_Амкадор/Сканы оригиналов/ЯПИБ 26.1494 Патрубок силиконовый BSI D50L80-2.pdf,"Чертежи_Амкадор/QS50L80-C ID 50, L=80.pdf",,
26.1495,BSI D54L60-2,Амкадор,sample,,,,,,,,,Чертежи_Амкадор/Сканы оригиналов/ЯПИБ 26.1495 Патрубок силиконовый BSI D54L60-2.pdf,"Чертежи_Амкадор/QS54L60-C ID 54, L=60.pdf",,
26.1496,BSI D60L100-2,Амкадор,sample,,,,,,,,,Чертежи_Амкадор/Сканы оригиналов/ЯПИБ 26.1496 Патрубок силиконовый BSI D60L100-2.pdf,"Чертежи_Амкадор/QS60L100-C, ID 60 L=100.pdf",,
26.1497,BSI D63L80-2,Амкадор,sample,,,,,,,,,Чертежи_Амкадор/Сканы оригиналов/ЯПИБ 26.1497 Патрубок силиконовый BSI D63L80-2.pdf,"Чертежи_Амкадор/QS63L80-C ID 63, L=80.pdf",,"Тот же код, что у изделия МТЗ ЯПИБ 24.1115, но другой чертёж."
26.1498,BSI 135-D50L100/100-2,Амкадор,sample,,,,,,,,,Чертежи_Амкадор/Сканы оригиналов/ЯПИБ 26.1498 Патрубок силиконовый BSI 135-D50L100_100-2.pdf,Чертежи_Амкадор/QЕ135Е50-CID50L=100х100.pdf,Чертежи_Амкадор/Патрубки силиконовые.pdf#page=3,
26.1499,BSI 135-D53L150/150-2,Амкадор,sample,,,,,,,,,Чертежи_Амкадор/Сканы оригиналов/ЯПИБ 26.1499 Патрубок силиконовый BSI 135-D53L150_150-2.pdf,Чертежи_Амкадор/QЕ135Е53-CID53L=150х150.pdf,,
26.1500,BSI 135-D53L70/90-2,Амкадор,sample,,,,,,,,,Чертежи_Амкадор/Сканы оригиналов/ЯПИБ 26.1500 Патрубок силиконовый BSI 135-D53L70_90-2.pdf,"Чертежи_Амкадор/QЕ135Е53-CID53,L=70х90.pdf",,
26.1501,BSI 135-D60L70/90-2,Амкадор,sample,,,,,,,,,Чертежи_Амкадор/Сканы оригиналов/ЯПИБ 26.1501 Патрубок силиконовый BSI 135-D60L70_90-2.pdf,"Чертежи_Амкадор/QЕ135Е60-CID60,L=70х90.pdf",,
26.1502,BSI 90-D50L100/100-2,Амкадор,sample,,,,,,,,,Чертежи_Амкадор/Сканы оригиналов/ЯПИБ 26.1502 Патрубок силиконовый BSI 90-D50L100_100-2.pdf,"Чертежи_Амкадор/QЕ90E50-C ID 50, L=100х100.pdf",Чертежи_Амкадор/Патрубки силиконовые.pdf#page=5,
26.1503,BSI 90-D50L100/180-2,Амкадор,sample,,,,,,,,,Чертежи_Амкадор/Сканы оригиналов/ЯПИБ 26.1503 Патрубок силиконовый BSI 90-D50L100_180-2.pdf,"Чертежи_Амкадор/QЕ90Е50-C ID 50, L=100х180.pdf",,
26.1504,BSI 90-D53L100/100-2,Амкадор,sample,,,,,,,,,Чертежи_Амкадор/Сканы оригиналов/ЯПИБ 26.1504 Патрубок силиконовый BSI 90-D53L100_100-2.pdf,"Чертежи_Амкадор/QЕ90Е53-C ID 53, L=100х100.pdf",,
26.1505,BSI 150-D38L60/90-3,Амкадор,sample,,,,,,,,,Чертежи_Амкадор/Сканы оригиналов/ЯПИБ 26.1505 Патрубок силиконовый BSI 150-D38L60_90-3.pdf,,,Чертежа китайского завода нет.
25.1336,BSI D127L1000-2,БелАЗ,sample,hose,,,,,,,,Патрубки силиконовые согласованные.pdf#page=2,,,"Согласовано НТЦ БелАЗ, письмо от 04.06.2025."
25.1335,BSI D102L1000-2,БелАЗ,sample,hose,,,,,,,,Патрубки силиконовые согласованные.pdf#page=3,,,"Согласовано НТЦ БелАЗ, письмо от 04.06.2025."
24.1236,BSI D89L1000-2,БелАЗ,sample,hose,,,,,,,,Патрубки силиконовые согласованные.pdf#page=4,,,"Согласовано НТЦ БелАЗ, письмо от 04.06.2025."
25.1334,BSI D76L1000-2,БелАЗ,sample,hose,,,,,,,,Патрубки силиконовые согласованные.pdf#page=5,,,"Согласовано НТЦ БелАЗ, письмо от 04.06.2025."
24.1235,BSI D70L1000-2,БелАЗ,sample,hose,,,,,,,,Патрубки силиконовые согласованные.pdf#page=6,,,"Согласовано НТЦ БелАЗ, письмо от 04.06.2025."
25.1333,BSI D60L1000-2,БелАЗ,sample,hose,,,,,,,,Патрубки силиконовые согласованные.pdf#page=7,,,"Согласовано НТЦ БелАЗ, письмо от 04.06.2025."
24.1234,BSI D51L1000-2,БелАЗ,sample,hose,,,,,,,,Патрубки силиконовые согласованные.pdf#page=8,,,"Согласовано НТЦ БелАЗ, письмо от 04.06.2025."
24.1233,BSI D32L5000-2,БелАЗ,sample,hose,,,,,,,,Патрубки силиконовые согласованные.pdf#page=9,,,"Согласовано НТЦ БелАЗ, письмо от 04.06.2025."
24.1232,BSI D25L5000-2,БелАЗ,sample,hose,,,,,,,,Патрубки силиконовые согласованные.pdf#page=10,,,"Согласовано НТЦ БелАЗ, письмо от 04.06.2025."
24.1231,BSI D16L5000-2,БелАЗ,sample,hose,,,,,,,,Патрубки силиконовые согласованные.pdf#page=11,,,"Согласовано НТЦ БелАЗ, письмо от 04.06.2025."
24.1230,BSI D10L10000-2,БелАЗ,sample,hose,,,,,,,,Патрубки силиконовые согласованные.pdf#page=12,,,"Согласовано НТЦ БелАЗ, письмо от 04.06.2025."
24.1229,BSI D8L10000-2,БелАЗ,sample,hose,,,,,,,,Патрубки силиконовые согласованные.pdf#page=13,,,"Согласовано НТЦ БелАЗ, письмо от 04.06.2025."
