Изделие,"Цена Китай, CNY",Приход 04.03.2024,Приход 08.02.2025,Приход 18.09.2025,Приход 04.11.2025,Приход 19.11.2025,Итого приход,"Цена МТЗ, BYN без НДС","Реализовано, шт","Остаток, шт",Приходная цена за шт (вручную),Примечание
BSI D50L100-3,5.09,3,4,590,0,0,597,6.51,204,393,2.59,
BSI D60L80-2,4.74,3,4,320,0,0,327,5.78,184,143,2.46,
BSI D60L80-3,4.74,3,4,175,0,0,182,6.16,0,182,,
BSI D63L80-2,5.09,3,4,160,0,0,167,5.78,0,167,,
BSI D63L80-3,5.09,3,4,0,0,0,7,0,0,7,,
BSI D70L100-2,6.24,3,4,260,0,0,267,7.93,164,103,3.46,
BSI D75L100-3,6.67,3,4,860,0,0,867,8.99,554,313,3.48,
BSI D75L100-2,6.67,3,4,950,0,0,957,8.14,755,202,3.47,
BSI D80L100-3,7.01,3,4,0,0,0,7,0,0,7,,
BSI D90L120-3,9.14,3,4,10,0,0,17,12.97,0,17,,
BSI D90L120-2,9.14,3,4,35,0,0,42,12.29,0,42,,
BSI D90L180-COR-3,19.74,3,4,65,0,0,72,28,0,72,,
BSI D90L180-COR-2,19.74,3,4,65,0,0,72,28,0,72,,
BSI 90-D70L110/130-2,17,3,4,0,0,0,7,0,0,7,,
BSI 90-D90L120/120-3,21.06,3,4,0,0,0,7,0,0,7,,
BSI D102L80-2,7.11,3,4,65,0,0,72,9.46,0,72,,
BSI 90-D53L210/140-1,19.48,3,1500,0,0,0,1503,26.9,610,893,10.77,
BSI 90-D38L150/140-1,12.67,3,3000,0,0,2200,5203,17.5,2600,2603,6.51,спц. Закончилась
BSI 30-D38L95/55-1,9.34,3,3000,0,0,2200,5203,12.35,2640,2563,4.82,спц. Закончилась
BSI D54L80-1,4.56,3,1500,0,0,0,1503,5.7,550,953,2.52,
BSI D80/90L140-3,13.34,0,5,0,0,0,5,0,0,5,,
BSI 30-D38L120/55-1,11.3,0,2010,0,2000,0,4010,14.8,1300,2710,4.28,
BSI 90-D38L170/150-1,15.51,0,2010,0,2000,0,4010,20.3,1330,2680,5.79,
BSI 90-D53L200/150-1,0,0,0,0,0,0,0,0,0,0,,
BSI D203L320-COR-1,0,0,0,0,0,0,0,0,0,0,,
