№ инвойса,Обозначение,Код по штампу чертежа,Заказчик,Название в инвойсе/PL RU,Как сопоставлено (инвойс),Название в PL завода,Маркировка на коробке,Как сопоставлено (PL),Кол-во,Файл чертежа
1,ЯПИБ 24.1155,BSI 90/60,ММЗ,BSI 90-60,подтверждённый синоним,BSI 90/60,TS2407202-C,подтверждённый синоним,5,чертежи_ММЗ/ЯПИБ 24.1155 Патрубок силиконовый BSI 90-60.pdf
2,ЯПИБ 24.1156,"BSI 141-50/63,5",ММЗ,BSI 141-50-63.5,подтверждённый синоним,BSI 141-50/63.5,,подтверждённый синоним,5,чертежи_ММЗ/ЯПИБ 24.1156 Патрубок силиконовый BSI 141-50-63.5.pdf
3,ЯПИБ 24.1157,"BSI 63,5",ММЗ,"BSI D63,5",подтверждённый синоним,BSI 63.5,,подтверждённый синоним,5,"чертежи_ММЗ/ЯПИБ 24.1157 Патрубок силиконовый BSI D63,5.pdf"
4,ЯПИБ 24.1158,"BSI 90-63,5",ММЗ,"BSI 90-63,5",точное совпадение с чертежом,BSI 90-63.5,,точное совпадение с чертежом,5,"чертежи_ММЗ/ЯПИБ 24.1158 Патрубок силиконовый BSI 90-63,5.pdf"
5,ЯПИБ 24.1159,"BSI 90-63,5-01",ММЗ,"BSI 90-63,5-01",точное совпадение с чертежом,BSI 90-63.5-01,,точное совпадение с чертежом,5,"чертежи_ММЗ/ЯПИБ 24.1159 Патрубок силиконовый BSI 90-63,5-01.pdf"
6,ЯПИБ 24.1160,"BSI 90-63,5-02",ММЗ,"BSI 90-63,5-02",точное совпадение с чертежом,BSI 90-63.5-02,,точное совпадение с чертежом,5,"чертежи_ММЗ/ЯПИБ 24.1160 Патрубок силиконовый BSI 90-63,5-02.pdf"
7,ЯПИБ 24.1161,"BSI 110-50/63,5",ММЗ,"BSI 110-50-63,5",подтверждённый синоним,BSI 110-50/63.5,,подтверждённый синоним,5,"чертежи_ММЗ/ЯПИБ 24.1161 Патрубок силиконовый BSI 110-50-63,5.pdf"
8,ЯПИБ 24.1162,BSI 90-38,ММЗ,BSI 90-38,точное совпадение с чертежом,BSI 90-38,,точное совпадение с чертежом,5,чертежи_ММЗ/ЯПИБ 24.1162 Патрубок силиконовый BSI 90-38.pdf
9,ЯПИБ 24.1163,BSI 90-38-01,ММЗ,BSI 90-38-01,точное совпадение с чертежом,BSI 90-38-01,,точное совпадение с чертежом,5,чертежи_ММЗ/ЯПИБ 24.1163 Патрубок силиконовый BSI 90-38-01.pdf
10,ЯПИБ 24.1164,BSI 90-38-02,ММЗ,BSI 90-38-02,точное совпадение с чертежом,BSI 90-38-02,,точное совпадение с чертежом,5,чертежи_ММЗ/ЯПИБ 24.1164 Патрубок силиконовый BSI 90-38-02.pdf
11,ЯПИБ 24.1165,BSI 90-38-03,ММЗ,BSI 90-38-03,точное совпадение с чертежом,BSI 90-38-03,,точное совпадение с чертежом,5,чертежи_ММЗ/ЯПИБ 24.1165 Патрубок силиконовый BSI 90-38-03.pdf
12,ЯПИБ 24.1166,BSI 90-38-04,ММЗ,BSI 90-38-04,точное совпадение с чертежом,BSI 90-38-04,,точное совпадение с чертежом,5,чертежи_ММЗ/ЯПИБ 24.1166 Патрубок силиконовый BSI 90-38-04.pdf
13,ЯПИБ 24.1189,BSI 80-38,ММЗ,BSI 80-38,точное совпадение с чертежом,BSI 80-38,,точное совпадение с чертежом,5,чертежи_ММЗ/ЯПИБ 24.1189 Патрубок силиконовый BSI 80-38.pdf
14,,,,BSI 60*1000,чертежа нет — рукав 1 м,BSI 60*1000,TS2407202-D,по названию (чертежа нет),1,
15,,,,BSI 89*1000,чертежа нет — рукав 1 м,BSI 89*1000,,по названию (чертежа нет),1,
16,,,,BSI 102*1000,чертежа нет — рукав 1 м,BSI 102*1000,,по названию (чертежа нет),1,
17,ЯПИБ 24.1184,BSI D76L160-COR-3,Гомсельмаш,BSI D76L160-COR-3,точное совпадение с чертежом,BSI D76L160-COR-3,TS2407202-E,точное совпадение с чертежом,3,чертежи_Гомсельмаш/BSI D76L160-COR-3.pdf
18,ЯПИБ 24.1185,BSI D89L160-COR-3,Гомсельмаш,BSI D89L160-COR-3,точное совпадение с чертежом,BSI D89L160-COR-3,,точное совпадение с чертежом,3,чертежи_Гомсельмаш/BSI D89L160-COR-3.pdf
19,ЯПИБ 24.1186,BSI D100L160-COR-3,Гомсельмаш,BSI D100L160-COR-3,точное совпадение с чертежом,BSI D100L160-COR-3,,точное совпадение с чертежом,3,чертежи_Гомсельмаш/BSI D100L160-COR-3.pdf
20,ЯПИБ 24.1187,BSI D100L210-COR-3,Гомсельмаш,BSI D100L210-COR-3,точное совпадение с чертежом,BSI D100L210-COR-3,,точное совпадение с чертежом,3,чертежи_Гомсельмаш/BSI D100L210-COR-3.pdf
21,ЯПИБ 24.1188,BSI D114L200-COR-3,Гомсельмаш,BSI D114L200-COR-3,точное совпадение с чертежом,BSI D114L200-COR-3,,точное совпадение с чертежом,3,чертежи_Гомсельмаш/BSI D114L200-COR-3.pdf
22,ЯПИБ 24.1167,BSI D32L70-3,Гомсельмаш,BSI D32L70-3,точное совпадение с чертежом,BSI D32L70-3,,точное совпадение с чертежом,3,чертежи_Гомсельмаш/BSI D32L70-3.pdf
23,ЯПИБ 24.1168,BSI D32L190-3,Гомсельмаш,BSI D32L190-3,точное совпадение с чертежом,BSI D32L190-3,,точное совпадение с чертежом,3,чертежи_Гомсельмаш/BSI D32L190-3.pdf
24,ЯПИБ 24.1169,BSI D32L200-3,Гомсельмаш,BSI D32L200-3,точное совпадение с чертежом,BSI D32L200-3,,точное совпадение с чертежом,3,чертежи_Гомсельмаш/BSI D32L200-3.pdf
25,ЯПИБ 24.1170,BSI D90L130-3,Гомсельмаш,BSI D90L130-3,точное совпадение с чертежом,BSI D90L130-3,,точное совпадение с чертежом,3,чертежи_Гомсельмаш/BSI D90L130-3.pdf
26,ЯПИБ 24.1171,BSI D42L120-2,Гомсельмаш,BSI D42L120-2,точное совпадение с чертежом,BSI D42L120-2,,точное совпадение с чертежом,3,чертежи_Гомсельмаш/D42L120-2.pdf
27,ЯПИБ 24.1172,BSI D60L120-2,Гомсельмаш,BSI D60L120-2,точное совпадение с чертежом,BSI D60L120-2,,точное совпадение с чертежом,3,чертежи_Гомсельмаш/BSI D60L120-2.pdf
28,ЯПИБ 24.1173,BSI D65L150-2,Гомсельмаш,BSI D65L150-2,точное совпадение с чертежом,BSI D65L150-2,,точное совпадение с чертежом,3,чертежи_Гомсельмаш/BSI D65L150-2.pdf
29,ЯПИБ 24.1174,BSI D80L150-2,Гомсельмаш,BSI D80L150-2,точное совпадение с чертежом,BSI D80L150-2,,точное совпадение с чертежом,3,чертежи_Гомсельмаш/BSI D80L150-2.pdf
30,ЯПИБ 24.1175,BSI 90-D38L100/50-2,Гомсельмаш,BSI 90-D38L100/50-2,точное совпадение с чертежом,BSI 90-D38L100/50-2,,точное совпадение с чертежом,3,чертежи_Гомсельмаш/BSI 90-D38L100_50-2.pdf
31,ЯПИБ 24.1176,BSI 90-D55L100/100-2,Гомсельмаш,BSI 90-D55L100/100-2,точное совпадение с чертежом,BSI 90-D55L100/100-2,,точное совпадение с чертежом,3,чертежи_Гомсельмаш/BSI 90-D55L100_100-2.pdf
32,ЯПИБ 24.1177,BSI 90-D60L100/100-2,Гомсельмаш,BSI 90-D60L100/100-2,точное совпадение с чертежом,BSI 90-D60L100/100-2,,точное совпадение с чертежом,3,чертежи_Гомсельмаш/BSI 90-D60L100_100-2.pdf
33,ЯПИБ 24.1178,BSI 90-D60L150/150-2,Гомсельмаш,BSI 90-D60L150/150-2,точное совпадение с чертежом,BSI 90-D60L150/150-2,,точное совпадение с чертежом,3,чертежи_Гомсельмаш/BSI 90-D60L150_150-2.pdf
34,ЯПИБ 24.1179,BSI 90-D75L150/150-3,Гомсельмаш,BSI 90-D75L150/150-3,точное совпадение с чертежом,BSI 90-D75L150/150-3,,точное совпадение с чертежом,3,чертежи_Гомсельмаш/BSI 90-D75L150_150-3.pdf
35,ЯПИБ 24.1180,BSI 90-D85L100/100-3,Гомсельмаш,BSI 90-D85L100/100-3,точное совпадение с чертежом,BSI 90-D85L100/100-3,,точное совпадение с чертежом,3,чертежи_Гомсельмаш/BSI 90-D85L100_100-3.pdf
36,ЯПИБ 24.1181,BSI 90-D75/50L100/100-3,Гомсельмаш,BSI 90-D75/50L100/100-3,точное совпадение с чертежом,BSI 90-D75/50L100/100-3,,точное совпадение с чертежом,3,чертежи_Гомсельмаш/BSI 90-D75_50L100_100-3.pdf
37,ЯПИБ 24.1182,BSI 45-D75L196/81-3,Гомсельмаш,BSI 45-D75L196/81-3,точное совпадение с чертежом,BSI 45-D75L196/81-3,,точное совпадение с чертежом,3,чертежи_Гомсельмаш/BSI 45-D75L196_81-3.pdf
38,ЯПИБ 24.1183,BSI 45-D100L205/85-3,Гомсельмаш,BSI 45-D100L205/85-3,точное совпадение с чертежом,BSI 45-D100L205/85-3,,точное совпадение с чертежом,3,чертежи_Гомсельмаш/BSI 45-D100L205_85-3.pdf
39,ЯПИБ 24.1112,BSI D50L100-3,МТЗ,BSI D50L100-3,точное совпадение с чертежом,BSI D50L100-3,TS2407202-B,точное совпадение с чертежом,4,Чертежи_Патрубки МТЗ/ЯПИБ 24.1112 Патрубок силиконовый BSI D50L100-3.pdf
40,ЯПИБ 24.1113,BSI D60L80-2,МТЗ,BSI D60L80-2,точное совпадение с чертежом,BSI D60L80-2,,точное совпадение с чертежом,4,Чертежи_Патрубки МТЗ/ЯПИБ 24.1113 Патрубок силиконовый BSI D60L80-2.pdf
41,ЯПИБ 24.1114,BSI D60L80-3,МТЗ,BSI D60L80-3,точное совпадение с чертежом,BSI D60L80-3,,точное совпадение с чертежом,4,Чертежи_Патрубки МТЗ/ЯПИБ 24.1114 Патрубок силиконовый BSI D60L80-3.pdf
42,ЯПИБ 24.1115,BSI D63L80-2,МТЗ,BSI D63L80-2,точное совпадение с чертежом,63L80-2,,подтверждённый синоним,4,Чертежи_Патрубки МТЗ/ЯПИБ 24.1115 Патрубок силиконовый BSI D63L80-2.pdf
43,ЯПИБ 24.1116,BSI D63L80-3,МТЗ,BSI D63L80-3,точное совпадение с чертежом,D63L80-3,,подтверждённый синоним,4,Чертежи_Патрубки МТЗ/ЯПИБ 24.1116 Патрубок силиконовый BSI D63L80-3.pdf
44,ЯПИБ 24.1117,BSI D70L100-2,МТЗ,BSI D70L100-2,точное совпадение с чертежом,D70L100-2,,подтверждённый синоним,4,Чертежи_Патрубки МТЗ/ЯПИБ 24.1117 Патрубок силиконовый BSI D70L100-2.pdf
45,ЯПИБ 24.1118,BSI D75L100-3,МТЗ,BSI D75L100-3,точное совпадение с чертежом,D75L100-3,,подтверждённый синоним,4,Чертежи_Патрубки МТЗ/ЯПИБ 24.1118 Патрубок силиконовый BSI D75L100-3.pdf
46,ЯПИБ 24.1119,BSI D75L100-2,МТЗ,BSI D75L100-2,точное совпадение с чертежом,D75L100-2,,подтверждённый синоним,4,Чертежи_Патрубки МТЗ/ЯПИБ 24.1119 Патрубок силиконовый BSI D75L100-2.pdf
47,ЯПИБ 24.1120,BSI D80L100-3,МТЗ,BSI D80L100-3,точное совпадение с чертежом,D80L100-3,,подтверждённый синоним,4,Чертежи_Патрубки МТЗ/ЯПИБ 24.1120 Патрубок силиконовый BSI D80L100-3.pdf
48,ЯПИБ 24.1121,BSI D90L120-3,МТЗ,BSI D90L120-3,точное совпадение с чертежом,BSI D90L120-3,,точное совпадение с чертежом,4,Чертежи_Патрубки МТЗ/ЯПИБ 24.1121 Патрубок силиконовый BSI D90L120-3.pdf
49,ЯПИБ 24.1122,BSI D90L120-2,МТЗ,BSI D90L120-2,точное совпадение с чертежом,BSI D90L120-2,,точное совпадение с чертежом,4,Чертежи_Патрубки МТЗ/ЯПИБ 24.1122 Патрубок силиконовый BSI D90L120-2.pdf
50,ЯПИБ 24.1123,BSI D90L180-COR-3,МТЗ,BSI D90L180-COR-3,точное совпадение с чертежом,BSI D90L180-COR-3,,точное совпадение с чертежом,4,Чертежи_Патрубки МТЗ/ЯПИБ 24.1123 Патрубок силиконовый BSI D90L180-COR-3.pdf
51,ЯПИБ 24.1124,BSI D90L180-COR-2,МТЗ,BSI D90L180-COR-2,точное совпадение с чертежом,BSI D90L180-COR-2,,точное совпадение с чертежом,4,Чертежи_Патрубки МТЗ/ЯПИБ 24.1124 Патрубок силиконовый BSI D90L180-COR-2.pdf
52,ЯПИБ 24.1125,BSI 90-D70L110/130-2,МТЗ,BSI 90-D70L110/130-2,точное совпадение с чертежом,BSI 90-D70L110/130-2,,точное совпадение с чертежом,4,Чертежи_Патрубки МТЗ/ЯПИБ 24.1125 Патрубок силиконовый BSI 90-D70L110_130-2.pdf
53,ЯПИБ 24.1126,BSI 90-D90L120/120-3,МТЗ,BSI 90-D90L120/120-3,точное совпадение с чертежом,BSI 90-D90L120/120-3,,точное совпадение с чертежом,4,Чертежи_Патрубки МТЗ/ЯПИБ 24.1126 Патрубок силиконовый BSI 90-D90L120_120-3.pdf
54,ЯПИБ 24.1127,BSI D102L80-2,МТЗ,BSI D102L80-2,точное совпадение с чертежом,BSI D102L80-2,,точное совпадение с чертежом,4,Чертежи_Патрубки МТЗ/ЯПИБ 24.1127 Патрубок силиконовый BSI D102L80-2.pdf
55,ЯПИБ 24.1128,BSI 90-D53L210/140-1,МТЗ,BSI 90-D53L210/140-1,точное совпадение с чертежом,BSI 90-D53L210/140-1,53*210*140 90度,точное совпадение с чертежом,1500,Чертежи_Патрубки МТЗ/ЯПИБ 24.1128 Патрубок силиконовый BSI 90-D53L210_140-1.pdf
56,ЯПИБ 24.1129,BSI 90-D38L150/140-1,МТЗ,BSI 90-D38L150/140-1,точное совпадение с чертежом,BSI 90-D38L150/140-1,38*150*140 90度,точное совпадение с чертежом,3000,Чертежи_Патрубки МТЗ/ЯПИБ 24.1129 Патрубок силиконовый BSI 90-D38L150_140-1.pdf
57,ЯПИБ 24.1130,BSI 30-D38L95/55-1,МТЗ,BSI 30-D38L95/55-1,точное совпадение с чертежом,BSI 30-D38L95/55-1,38*95*55 30度,точное совпадение с чертежом,3000,Чертежи_Патрубки МТЗ/ЯПИБ 24.1130 Патрубок силиконовый BSI 30-D38L95_55-1.pdf
58,ЯПИБ 24.1131,BSI D54L80-1,МТЗ,BSI D54L80-1,точное совпадение с чертежом,BSI D54L80-1,54*80,точное совпадение с чертежом,1500,Чертежи_Патрубки МТЗ/ЯПИБ 24.1131 Патрубок силиконовый BSI D54L80-1.pdf
59,ЯПИБ 24.1217,BSI D80/90L140-3,МТЗ,BSI D80/90L140-3,точное совпадение с чертежом,BSI D80/90L140-3,,точное совпадение с чертежом,5,Чертежи_Патрубки МТЗ/ЯПИБ 24.1217 Патрубок силиконовый BSI D80_90L140-3.pdf
60,ЯПИБ 24.1226,BSI 30-D38L120/55-1,МТЗ,BSI 30-D38L120/55-1,точное совпадение с чертежом,BSI 30-D38L120/55-1,38*120*55 30度,точное совпадение с чертежом,2010,Чертежи_Патрубки МТЗ/ЯПИБ 24.1226 Патрубок силиконовый BSI 30-D38L120_55-1.pdf
61,ЯПИБ 24.1227,BSI 90-D38L170/150-1,МТЗ,BSI 90-D38L170/150-1,точное совпадение с чертежом,BSI 90-D38L170/150-1,38*170*150 90度,точное совпадение с чертежом,2010,Чертежи_Патрубки МТЗ/ЯПИБ 24.1227 Патрубок силиконовый BSI 90-D38L170_150-1.pdf
